{
    "rmse": 0.805321088232578,
    "mae": 0.6585674193534969,
    "r2": 0.0075956537369744614
}